name;Implementing.Jurisdictions;Affected.Jurisdictions;comtrade;gta.name;ISO;UN;gta.id;G20;N10;EU.G20;EU27;EU28;euro.area;LDC;BACI;sacu;mercosur;CU
Afghanistan;Afghanistan;Afghanistan;Afghanistan;Afghanistan;AFG;4;1;0;0;0;0;0;0;1;4;0;0;0
Albania;Albania;Albania;Albania;Albania;ALB;8;2;0;0;0;0;0;0;0;8;0;0;0
Algeria;Algeria;Algeria;Algeria;Algeria;DZA;12;3;0;0;0;0;0;0;0;12;0;0;0
American Samoa;American Samoa;American Samoa;American Samoa;American Samoa;ASM;16;4;0;0;0;0;0;0;0;16;0;0;0
Andorra;Andorra;Andorra;Andorra;Andorra;AND;20;5;0;0;0;0;0;0;0;20;0;0;0
Angola;Angola;Angola;Angola;Angola;AGO;24;6;0;0;0;0;0;0;1;24;0;0;0
Anguilla;Anguilla;Anguilla;Anguilla;Anguilla;na;660;7;0;0;0;0;0;0;0;660;0;0;0
Antigua and Barbuda;Antigua and Barbuda;Antigua and Barbuda;Antigua and Barbuda;Antigua & Barbuda;na;28;8;0;0;0;0;0;0;0;28;0;0;0
Argentina;Argentina;Argentina;Argentina;Argentina;ARG;32;9;1;0;0;0;0;0;0;32;0;1;0
Armenia;Armenia;Armenia;Armenia;Armenia;ARM;51;10;0;0;0;0;0;0;0;51;0;0;0
Aruba;Aruba;Aruba;Aruba;Aruba;ABW;533;11;0;0;0;0;0;0;0;533;0;0;0
Australia;Australia;Australia;Australia;Australia;AUS;36;12;1;0;0;0;0;0;0;36;0;0;0
Austria;Austria;Austria;Austria;Austria;AUT;40;13;0;0;0;1;1;1;0;40;0;0;0
Azerbaijan;Azerbaijan;Azerbaijan;Azerbaijan;Azerbaijan;AZE;31;14;0;0;0;0;0;0;0;31;0;0;0
Bahamas;Bahamas;Bahamas;Bahamas;Bahamas;BHS;44;15;0;0;0;0;0;0;0;44;0;0;0
Bahrain;Bahrain;Bahrain;Bahrain;Bahrain;BHR;48;16;0;0;0;0;0;0;0;48;0;0;0
Bangladesh;Bangladesh;Bangladesh;Bangladesh;Bangladesh;BGD;50;17;0;0;0;0;0;0;1;50;0;0;0
Barbados;Barbados;Barbados;Barbados;Barbados;BRB;52;18;0;0;0;0;0;0;0;52;0;0;0
Belarus;Belarus;Belarus;Belarus;Belarus;BLR;112;19;0;0;0;0;0;0;0;112;0;0;1
Belgium;Belgium;Belgium;Belgium;Belgium;BEL;56;20;0;0;0;1;1;1;0;58;0;0;0
Belize;Belize;Belize;Belize;Belize;BLZ;84;21;0;0;0;0;0;0;0;84;0;0;0
Benin;Benin;Benin;Benin;Benin;BEN;204;22;0;0;0;0;0;0;1;204;0;0;0
Bermuda;Bermuda;Bermuda;Bermuda;Bermuda;BMU;60;23;0;0;0;0;0;0;0;60;0;0;0
Bhutan;Bhutan;Bhutan;Bhutan;Bhutan;BTN;64;24;0;0;0;0;0;0;1;64;0;0;0
Bolivia;Bolivia;Bolivia;Bolivia (Plurinational State of);Bolivia;BOL;68;25;0;0;0;0;0;0;0;68;0;0;0
Bosnia and Herzegovina;Bosnia and Herzegovina;Bosnia and Herzegovina;Bosnia Herzegovina;Bosnia & Herzegovina;BIH;70;26;0;0;0;0;0;0;0;70;0;0;0
Botswana;Botswana;Botswana;Botswana;Botswana;BWA;72;27;0;0;0;0;0;0;0;;1;0;0
Brazil;Brazil;Brazil;Brazil;Brazil;BRA;76;28;1;0;0;0;0;0;0;76;0;1;0
British Virgin Islands;British Virgin Islands;British Virgin Islands;British Virgin Islands;British Virgin Islands;VGB;92;29;0;0;0;0;0;0;0;92;0;0;0
Brunei Darussalam;Brunei Darussalam;Brunei Darussalam;Brunei Darussalam;Brunei Darussalam;BRN;96;30;0;0;0;0;0;0;0;96;0;0;0
Bulgaria;Bulgaria;Bulgaria;Bulgaria;Bulgaria;BGR;100;31;0;0;0;1;1;0;0;100;0;0;0
Burkina Faso;Burkina Faso;Burkina Faso;Burkina Faso;Burkina Faso;BFA;854;32;0;0;0;0;0;0;1;854;0;0;0
Burundi;Burundi;Burundi;Burundi;Burundi;BDI;108;33;0;0;0;0;0;0;1;108;0;0;0
Cambodia;Cambodia;Cambodia;Cambodia;Cambodia;KHM;116;34;0;0;0;0;0;0;1;116;0;0;0
Cameroon;Cameroon;Cameroon;Cameroon;Cameroon;CMR;120;35;0;0;0;0;0;0;0;120;0;0;0
Canada;Canada;Canada;Canada;Canada;CAN;124;36;1;0;0;0;0;0;0;124;0;0;0
Cape Verde;Cape Verde;Cape Verde;Cape Verde;Cape Verde;CPV;132;37;0;0;0;0;0;0;0;132;0;0;0
na;na;na;Cabo Verde;Cape Verde;CPV;132;37;0;0;0;0;0;0;0;132;0;0;0
Cayman Islands;Cayman Islands;Cayman Islands;Cayman Islands;Cayman Islands;CYM;136;38;0;0;0;0;0;0;0;136;0;0;0
na;na;na;Cayman Isds;Cayman Islands;CYM;136;38;0;0;0;0;0;0;0;136;0;0;0
Central African Republic;Central African Republic;Central African Republic;Central African Republic;Central African Republic;CAF;140;39;0;0;0;0;0;0;1;140;0;0;0
na;na;na;Central African Rep.;Central African Republic;CAF;140;39;0;0;0;0;0;0;1;140;0;0;0
Chad;Chad;Chad;Chad;Chad;TCD;148;40;0;0;0;0;0;0;1;148;0;0;0
Chile;Chile;Chile;Chile;Chile;CHL;152;41;0;1;0;0;0;0;0;152;0;0;0
China;China;China;China;China;CHN;156;42;1;0;0;0;0;0;0;156;0;0;0
Chinese Taipei;Chinese Taipei;Chinese Taipei;Chinese Taipei;Chinese Taipei;TWN;158;43;0;0;0;0;0;0;0;;0;0;0
Colombia;Colombia;Colombia;Colombia;Colombia;COL;170;44;0;0;0;0;0;0;0;170;0;0;0
Comoros;Comoros;Comoros;Comoros;Comoros;COM;174;45;0;0;0;0;0;0;1;174;0;0;0
Congo;Congo;Congo;Congo;Congo;COG;178;46;0;0;0;0;0;0;0;178;0;0;0
Cook Islands;Cook Islands;Cook Islands;Cook Islands;Cook Islands;na;184;47;0;0;0;0;0;0;0;184;0;0;0
Costa Rica;Costa Rica;Costa Rica;Costa Rica;Costa Rica;CRI;188;48;0;0;0;0;0;0;0;188;0;0;0
Croatia;Croatia;Croatia;Croatia;Croatia;HRV;191;50;0;0;0;0;1;0;0;191;0;0;0
Cuba;Cuba;Cuba;Cuba;Cuba;CUB;192;51;0;0;0;0;0;0;0;192;0;0;0
Cyprus;Cyprus;Cyprus;Cyprus;Cyprus;CYP;196;52;0;0;0;1;1;1;0;196;0;0;0
Czech Republic;Czech Republic;Czech Republic;Czech Rep.;Czechia;CZE;203;53;0;0;0;1;1;0;0;203;0;0;0
Denmark;Denmark;Denmark;Denmark;Denmark;DNK;208;56;0;0;0;1;1;0;0;208;0;0;0
Djibouti;Djibouti;Djibouti;Djibouti;Djibouti;DJI;262;57;0;0;0;0;0;0;1;262;0;0;0
Dominica;Dominica;Dominica;Dominica;Dominica;DMA;212;58;0;0;0;0;0;0;0;212;0;0;0
Dominican Republic;Dominican Republic;Dominican Republic;Dominican Rep.;Dominican Republic;DOM;214;59;0;0;0;0;0;0;0;214;0;0;0
Democratic People's Republic of Korea;Democratic People's Republic of Korea;Democratic People's Republic of Korea;Dem. People's Rep. of Korea;DPR Korea;PRK;408;234;0;0;0;0;0;0;0;408;0;0;0
Democratic Republic of the Congo;Democratic Republic of the Congo;Democratic Republic of the Congo;Dem. Rep. of the Congo             ;DR Congo;COD;180;55;0;0;0;0;0;0;1;180;0;0;0
Ecuador;Ecuador;Ecuador;Ecuador;Ecuador;ECU;218;60;0;0;0;0;0;0;0;218;0;0;0
Egypt;Egypt;Egypt;Egypt;Egypt;EGY;818;61;0;0;0;0;0;0;0;818;0;0;0
El Salvador;El Salvador;El Salvador;El Salvador;El Salvador;SLV;222;62;0;0;0;0;0;0;0;222;0;0;0
Equatorial Guinea;Equatorial Guinea;Equatorial Guinea;Equatorial Guinea;Equatorial Guinea;GNQ;226;63;0;0;0;0;0;0;1;226;0;0;0
Eritrea;Eritrea;Eritrea;Eritrea;Eritrea;ERI;232;64;0;0;0;0;0;0;1;232;0;0;0
Estonia;Estonia;Estonia;Estonia;Estonia;EST;233;65;0;0;0;1;1;1;0;233;0;0;0
Ethiopia;Ethiopia;Ethiopia;Ethiopia;Ethiopia;ETH;231;66;0;0;0;0;0;0;1;231;0;0;0
Faeroe Islands;Faeroe Islands;Faeroe Islands;Faeroe Islands;Faeroe Islands;na;234;68;0;0;0;0;0;0;0;;0;0;0
Falkland Islands (Malvinas);Falkland Islands (Malvinas);Falkland Islands (Malvinas);Falkland Islands (Malvinas);Falkland Islands;na;238;69;0;0;0;0;0;0;0;238;0;0;0
Fiji;Fiji;Fiji;Fiji;Fiji;FJI;242;70;0;0;0;0;0;0;0;242;0;0;0
Finland;Finland;Finland;Finland;Finland;FIN;246;71;0;0;0;1;1;1;0;246;0;0;0
France;France;France;France;France;FRA;251;72;1;0;1;1;1;1;0;251;0;0;0
French Guiana;French Guiana;French Guiana;French Guiana;French Guiana;na;254;73;0;0;0;0;0;0;0;;0;0;0
French Polynesia;French Polynesia;French Polynesia;French Polynesia;French Polynesia;na;258;74;0;0;0;0;0;0;0;258;0;0;0
Gabon;Gabon;Gabon;Gabon;Gabon;GAB;266;75;0;0;0;0;0;0;0;266;0;0;0
Gambia;Gambia;Gambia;Gambia;Gambia;GMB;270;76;0;0;0;0;0;0;1;270;0;0;0
Georgia;Georgia;Georgia;Georgia;Georgia;GEO;268;77;0;0;0;0;0;0;0;268;0;0;0
Germany;Germany;Germany;Germany;Germany;DEU;276;78;1;0;1;1;1;1;0;276;0;0;0
Ghana;Ghana;Ghana;Ghana;Ghana;GHA;288;79;0;0;0;0;0;0;0;288;0;0;0
Greece;Greece;Greece;Greece;Greece;GRC;300;80;0;0;0;1;1;1;0;300;0;0;0
Greenland;Greenland;Greenland;Greenland;Greenland;na;304;81;0;0;0;0;0;0;0;304;0;0;0
Grenada;Grenada;Grenada;Grenada;Grenada;na;308;82;0;0;0;0;0;0;0;308;0;0;0
Guadeloupe;Guadeloupe;Guadeloupe;Guadeloupe;Guadeloupe;na;312;83;0;0;0;0;0;0;0;;0;0;0
Guam;Guam;Guam;Guam;Guam;GUM;316;84;0;0;0;0;0;0;0;316;0;0;0
Guatemala;Guatemala;Guatemala;Guatemala;Guatemala;GTM;320;85;0;0;0;0;0;0;0;320;0;0;0
Guinea;Guinea;Guinea;Guinea;Guinea;GIN;324;86;0;0;0;0;0;0;1;324;0;0;0
Guinea-Bissau;Guinea-Bissau;Guinea-Bissau;Guinea-Bissau;Guinea-Bissau;GNB;624;87;0;0;0;0;0;0;1;624;0;0;0
Guyana;Guyana;Guyana;Guyana;Guyana;GUY;328;88;0;0;0;0;0;0;0;328;0;0;0
Haiti;Haiti;Haiti;Haiti;Haiti;HTI;332;89;0;0;0;0;0;0;1;332;0;0;0
Honduras;Honduras;Honduras;Honduras;Honduras;HND;340;91;0;0;0;0;0;0;0;340;0;0;0
Hong Kong;Hong Kong;Hong Kong;Hong Kong SAR      ;Hong Kong;HKG;344;92;0;0;0;0;0;0;0;344;0;0;0
na;na;na;China, Hong Kong SAR;Hong Kong;HKG;344;92;0;0;0;0;0;0;0;344;0;0;0
Hungary;Hungary;Hungary;Hungary;Hungary;HUN;348;93;0;0;0;1;1;0;0;348;0;0;0
Iceland;Iceland;Iceland;Iceland;Iceland;ISL;352;94;0;0;0;0;0;0;0;352;0;0;0
India;India;India;India;India;IND;699;95;1;0;0;0;0;0;0;699;0;0;0
Indonesia;Indonesia;Indonesia;Indonesia;Indonesia;IDN;360;96;1;0;0;0;0;0;0;360;0;0;0
Iran;Iran;Iran;Iran;Iran;IRN;364;97;0;1;0;0;0;0;0;364;0;0;0
Iraq;Iraq;Iraq;Iraq;Iraq;IRQ;368;98;0;0;0;0;0;0;0;368;0;0;0
Ireland;Ireland;Ireland;Ireland;Ireland;IRL;372;99;0;0;0;1;1;1;0;372;0;0;0
Israel;Israel;Israel;Israel;Israel;ISR;376;100;0;1;0;0;0;0;0;376;0;0;0
Italy;Italy;Italy;Italy;Italy;ITA;381;101;1;0;1;1;1;1;0;381;0;0;0
CÌ«te d'Ivoire;CÌ«te d'Ivoire;CÌ«te d'Ivoire;C™te d'Ivoire                   ;Ivory Coast;CIV;384;49;0;0;0;0;0;0;0;384;0;0;0
na;na;na;CÌ«te d'Ivoire;Ivory Coast;CIV;384;49;0;0;0;0;0;0;0;384;0;0;0
Jamaica;Jamaica;Jamaica;Jamaica;Jamaica;JAM;388;102;0;0;0;0;0;0;0;388;0;0;0
Japan;Japan;Japan;Japan;Japan;JPN;392;103;1;0;0;0;0;0;0;392;0;0;0
Jordan;Jordan;Jordan;Jordan;Jordan;JOR;400;104;0;0;0;0;0;0;0;400;0;0;0
Kazakhstan;Kazakhstan;Kazakhstan;Kazakhstan;Kazakhstan;KAZ;398;105;0;0;0;0;0;0;0;398;0;0;1
Kenya;Kenya;Kenya;Kenya;Kenya;KEN;404;106;0;0;0;0;0;0;0;404;0;0;0
Kiribati;Kiribati;Kiribati;Kiribati;Kiribati;KIR;296;107;0;0;0;0;0;0;1;296;0;0;0
Kuwait;Kuwait;Kuwait;Kuwait;Kuwait;KWT;414;108;0;0;0;0;0;0;0;414;0;0;0
Kyrgyzstan;Kyrgyzstan;Kyrgyzstan;Kyrgyzstan;Kyrgyzstan;KGZ;417;109;0;0;0;0;0;0;0;417;0;0;0
Lao People's Democratic Republic;Lao People's Democratic Republic;Lao People's Democratic Republic;Lao People's Dem. Rep.                ;Lao;LAO;418;110;0;0;0;0;0;0;1;418;0;0;0
na;na;na;Lao People's Dem. Rep.;Lao;LAO;418;110;0;0;0;0;0;0;1;418;0;0;0
Latvia;Latvia;Latvia;Latvia;Latvia;LVA;428;111;0;0;0;1;1;1;0;428;0;0;0
Lebanon;Lebanon;Lebanon;Lebanon;Lebanon;LBN;422;112;0;0;0;0;0;0;0;422;0;0;0
Lesotho;Lesotho;Lesotho;Lesotho;Lesotho;LSO;426;113;0;0;0;0;0;0;1;;1;0;0
Liberia;Liberia;Liberia;Liberia;Liberia;LBR;430;114;0;0;0;0;0;0;1;430;0;0;0
Libyan Arab Jamahiriya;Libyan Arab Jamahiriya;Libyan Arab Jamahiriya;Libya;Libya;LBY;434;115;0;0;0;0;0;0;0;434;0;0;0
Liechtenstein;Liechtenstein;Liechtenstein;Liechtenstein;Liechtenstein;na;438;116;0;0;0;0;0;0;0;;0;0;0
Lithuania;Lithuania;Lithuania;Lithuania;Lithuania;LTU;440;117;0;0;0;1;1;1;0;440;0;0;0
Luxembourg;Luxembourg;Luxembourg;Luxembourg;Luxembourg;LUX;442;118;0;0;0;1;1;1;0;;0;0;0
Macao;Macao;Macao;Macao;Macao;na;446;119;0;0;0;0;0;0;0;446;0;0;0
Macedonia;Macedonia;Macedonia;TFYR of Macedonia;Macedonia;MKD;807;120;0;0;0;0;0;0;0;807;0;0;0
Madagascar;Madagascar;Madagascar;Madagascar;Madagascar;MDG;450;121;0;0;0;0;0;0;1;450;0;0;0
Malawi;Malawi;Malawi;Malawi;Malawi;MWI;454;122;0;0;0;0;0;0;1;454;0;0;0
Malaysia;Malaysia;Malaysia;Malaysia;Malaysia;MYS;458;123;0;1;0;0;0;0;0;458;0;0;0
Maldives;Maldives;Maldives;Maldives;Maldives;MDV;462;124;0;0;0;0;0;0;0;462;0;0;0
Mali;Mali;Mali;Mali;Mali;MLI;466;125;0;0;0;0;0;0;1;466;0;0;0
Malta;Malta;Malta;Malta;Malta;MLT;470;126;0;0;0;1;1;1;0;470;0;0;0
Marshall Islands;Marshall Islands;Marshall Islands;Marshall Islands;Marshall Islands;na;584;127;0;0;0;0;0;0;0;584;0;0;0
Martinique;Martinique;Martinique;Martinique;Martinique;na;474;128;0;0;0;0;0;0;0;;0;0;0
Mauritania;Mauritania;Mauritania;Mauritania;Mauritania;MRT;478;129;0;0;0;0;0;0;1;478;0;0;0
Mauritius;Mauritius;Mauritius;Mauritius;Mauritius;MUS;480;130;0;0;0;0;0;0;0;480;0;0;0
Mayotte;Mayotte;Mayotte;Mayotte;Mayotte;na;175;131;0;0;0;0;0;0;0;;0;0;0
Mexico;Mexico;Mexico;Mexico;Mexico;MEX;484;132;1;0;0;0;0;0;0;484;0;0;0
Micronesia;Micronesia;Micronesia;Micronesia;Micronesia;na;583;133;0;0;0;0;0;0;0;583;0;0;0
na;na;na;FS Micronesia;Micronesia;na;583;133;0;0;0;0;0;0;0;583;0;0;0
Monaco;Monaco;Monaco;Monaco;Monaco;na;492;134;0;0;0;0;0;0;0;;0;0;0
Mongolia;Mongolia;Mongolia;Mongolia;Mongolia;MNG;496;135;0;0;0;0;0;0;0;496;0;0;0
Montenegro;Montenegro;Montenegro;Montenegro;Montenegro;MNE;499;136;0;0;0;0;0;0;0;;0;0;0
Montserrat;Montserrat;Montserrat;Montserrat;Montserrat;na;500;137;0;0;0;0;0;0;0;500;0;0;0
Morocco;Morocco;Morocco;Morocco;Morocco;MAR;504;138;0;0;0;0;0;0;0;504;0;0;0
Mozambique;Mozambique;Mozambique;Mozambique;Mozambique;MOZ;508;139;0;0;0;0;0;0;1;508;0;0;0
Myanmar;Myanmar;Myanmar;Myanmar;Myanmar;MMR;104;140;0;0;0;0;0;0;1;104;0;0;0
Namibia;Namibia;Namibia;Namibia;Namibia;NAM;516;141;0;0;0;0;0;0;0;;1;0;0
Nauru;Nauru;Nauru;Nauru;Nauru;na;520;142;0;0;0;0;0;0;0;520;0;0;0
Nepal;Nepal;Nepal;Nepal;Nepal;NPL;524;143;0;0;0;0;0;0;1;524;0;0;0
Netherlands;Netherlands;Netherlands;Netherlands;Netherlands;NLD;528;144;0;0;0;1;1;1;0;528;0;0;0
Netherlands Antilles;Netherlands Antilles;Netherlands Antilles;Netherlands Antilles;Netherlands Antilles;na;532;145;0;0;0;0;0;0;0;530;0;0;0
na;na;na;Neth. Antilles;Netherlands Antilles;na;532;145;0;0;0;0;0;0;0;530;0;0;0
New Caledonia;New Caledonia;New Caledonia;New Caledonia;New Caledonia;NCL;540;146;0;0;0;0;0;0;0;540;0;0;0
New Zealand;New Zealand;New Zealand;New Zealand;New Zealand;NZL;554;147;0;0;0;0;0;0;0;554;0;0;0
Nicaragua;Nicaragua;Nicaragua;Nicaragua;Nicaragua;NIC;558;148;0;0;0;0;0;0;0;558;0;0;0
Niger;Niger;Niger;Niger;Niger;NER;562;149;0;0;0;0;0;0;1;562;0;0;0
Nigeria;Nigeria;Nigeria;Nigeria;Nigeria;NGA;566;150;0;0;0;0;0;0;0;566;0;0;0
Niue;Niue;Niue;Niue;Niue;na;570;151;0;0;0;0;0;0;0;570;0;0;0
Norfolk Island;Norfolk Island;Norfolk Island;Norfolk Island;Norfolk Island;na;574;152;0;0;0;0;0;0;0;574;0;0;0
Northern Mariana Islands;Northern Mariana Islands;Northern Mariana Islands;Northern Mariana Islands;Northern Mariana Islands;na;580;153;0;0;0;0;0;0;0;580;0;0;0
Norway;Norway;Norway;Norway;Norway;NOR;578;154;0;1;0;0;0;0;0;579;0;0;0
Oman;Oman;Oman;Oman;Oman;OMN;512;155;0;0;0;0;0;0;0;512;0;0;0
Pakistan;Pakistan;Pakistan;Pakistan;Pakistan;PAK;586;156;0;0;0;0;0;0;0;586;0;0;0
Palau;Palau;Palau;Palau;Palau;na;585;157;0;0;0;0;0;0;0;585;0;0;0
Panama;Panama;Panama;Panama;Panama;PAN;591;159;0;0;0;0;0;0;0;591;0;0;0
Papua New Guinea;Papua New Guinea;Papua New Guinea;Papua New Guinea;Papua New Guinea;PNG;598;160;0;0;0;0;0;0;0;598;0;0;0
Paraguay;Paraguay;Paraguay;Paraguay;Paraguay;PRY;600;161;0;0;0;0;0;0;0;600;0;1;0
Peru;Peru;Peru;Peru;Peru;PER;604;162;0;0;0;0;0;0;0;604;0;0;0
Philippines;Philippines;Philippines;Philippines;Philippines;PHL;608;163;0;0;0;0;0;0;0;608;0;0;0
Pitcairn;Pitcairn;Pitcairn;Pitcairn;Pitcairn;na;612;164;0;0;0;0;0;0;0;612;0;0;0
Poland;Poland;Poland;Poland;Poland;POL;616;165;0;0;0;1;1;0;0;616;0;0;0
Portugal;Portugal;Portugal;Portugal;Portugal;PRT;620;166;0;0;0;1;1;1;0;620;0;0;0
Puerto Rico;Puerto Rico;Puerto Rico;Puerto Rico;Puerto Rico;PRI;630;167;0;0;0;0;0;0;0;;0;0;0
Qatar;Qatar;Qatar;Qatar;Qatar;QAT;634;168;0;0;0;0;0;0;0;634;0;0;0
RÌ©union;RÌ©union;RÌ©union;RÌ©union;R√©union;na;638;171;0;0;0;0;0;0;0;;0;0;0
Republic of Korea;Republic of Korea;Republic of Korea;Rep. of Korea;Republic of Korea;KOR;410;54;1;0;0;0;0;0;0;410;0;0;0
Republic of Moldova;Republic of Moldova;Republic of Moldova;Rep. of Moldova ;Republic of Moldova;MDA;498;170;0;0;0;0;0;0;0;498;0;0;0
na;na;na;Rep. of Moldova;Republic of Moldova;MDA;498;170;0;0;0;0;0;0;0;498;0;0;0
Sudan;Sudan;Sudan;Sudan;Republic of the Sudan;SDN;729;198;0;0;0;0;0;0;1;736;0;0;0
na;na;na;Fmr Sudan;Republic of the Sudan;SDN;729;198;0;0;0;0;0;0;1;736;0;0;0
Romania;Romania;Romania;Romania;Romania;ROU;642;172;0;0;0;1;1;0;0;642;0;0;0
Russian Federation;Russian Federation;Russian Federation;Russian Federation;Russia;RUS;643;173;1;0;0;0;0;0;0;643;0;0;1
Rwanda;Rwanda;Rwanda;Rwanda;Rwanda;RWA;646;174;0;0;0;0;0;0;1;646;0;0;0
Saint Helena;Saint Helena;Saint Helena;Saint Helena;Saint Helena;na;654;175;0;0;0;0;0;0;0;654;0;0;0
Saint Kitts and Nevis;Saint Kitts and Nevis;Saint Kitts and Nevis;Saint Kitts and Nevis;Saint Kitts & Nevis;KNA;659;176;0;0;0;0;0;0;0;659;0;0;0
Saint Lucia;Saint Lucia;Saint Lucia;Saint Lucia;Saint Lucia;LCA;662;177;0;0;0;0;0;0;0;662;0;0;0
Saint Pierre and Miquelon;Saint Pierre and Miquelon;Saint Pierre and Miquelon;Saint Pierre and Miquelon;Saint Pierre & Miquelon;na;666;178;0;0;0;0;0;0;0;666;0;0;0
Saint Vincent and the Grenadines;Saint Vincent and the Grenadines;Saint Vincent and the Grenadines;Saint Vincent and the Grenadines;Saint Vincent & the Grenadines;VCT;670;179;0;0;0;0;0;0;0;670;0;0;0
Saint-Barth_lemy;Saint-Barth_lemy;Saint-Barth_lemy;Saint-Barth_lemy;Saint-Barth√©lemy;na;652;180;0;0;0;0;0;0;0;;0;0;0
Saint-Martin;Saint-Martin;Saint-Martin;Saint-Martin;Saint-Martin;na;663;181;0;0;0;0;0;0;0;;0;0;0
Samoa;Samoa;Samoa;Samoa;Samoa;WSM;882;182;0;0;0;0;0;0;1;882;0;0;0
San Marino;San Marino;San Marino;San Marino;San Marino;na;674;183;0;0;0;0;0;0;0;674;0;0;0
Sao Tome and Principe;Sao Tome and Principe;Sao Tome and Principe;Sao Tome and Principe;Sao Tome & Principe;STP;678;184;0;0;0;0;0;0;1;678;0;0;0
Saudi Arabia;Saudi Arabia;Saudi Arabia;Saudi Arabia;Saudi Arabia;SAU;682;185;1;0;0;0;0;0;0;682;0;0;0
Senegal;Senegal;Senegal;Senegal;Senegal;SEN;686;186;0;0;0;0;0;0;1;686;0;0;0
Serbia;Serbia;Serbia;Serbia;Serbia;SRB;688;187;0;0;0;0;0;0;0;;0;0;0
Seychelles;Seychelles;Seychelles;Seychelles;Seychelles;SYC;690;188;0;0;0;0;0;0;0;690;0;0;0
Sierra Leone;Sierra Leone;Sierra Leone;Sierra Leone;Sierra Leone;SLE;694;189;0;0;0;0;0;0;1;694;0;0;0
Singapore;Singapore;Singapore;Singapore;Singapore;SGP;702;190;0;1;0;0;0;0;0;702;0;0;0
Slovakia;Slovakia;Slovakia;Slovakia;Slovakia;SVK;703;191;0;0;0;1;1;1;0;703;0;0;0
Slovenia;Slovenia;Slovenia;Slovenia;Slovenia;SVN;705;192;0;0;0;1;1;1;0;705;0;0;0
Solomon Islands;Solomon Islands;Solomon Islands;Solomon Islands;Solomon Islands;SLB;90;193;0;0;0;0;0;0;1;90;0;0;0
na;na;na;Solomon Isds;Solomon Islands;SLB;90;193;0;0;0;0;0;0;1;90;0;0;0
Somalia;Somalia;Somalia;Somalia;Somalia;SOM;706;194;0;0;0;0;0;0;1;706;0;0;0
South Africa;South Africa;South Africa;South Africa;South Africa;ZAF;710;195;1;0;0;0;0;0;0;711;1;0;0
Spain;Spain;Spain;Spain;Spain;ESP;724;196;0;0;0;1;1;1;0;724;0;0;0
Sri Lanka;Sri Lanka;Sri Lanka;Sri Lanka;Sri Lanka;LKA;144;197;0;0;0;0;0;0;0;144;0;0;0
Palestinian;Palestinian;Palestinian;State of Palestine;State of Palestine;PSE;275;158;0;0;0;0;0;0;0;275;0;0;0
Suriname;Suriname;Suriname;Suriname;Suriname;SUR;740;199;0;0;0;0;0;0;0;740;0;0;0
Svalbard and Jan Mayen Islands;Svalbard and Jan Mayen Islands;Svalbard and Jan Mayen Islands;Svalbard and Jan Mayen Islands;Svalbard & Jan Mayen Islands;na;744;200;0;0;0;0;0;0;0;;0;0;0
Swaziland;Swaziland;Swaziland;Swaziland;Swaziland;SWZ;748;201;0;0;0;0;0;0;0;;1;0;0
Sweden;Sweden;Sweden;Sweden;Sweden;SWE;752;202;0;0;0;1;1;0;0;752;0;0;0
Switzerland;Switzerland;Switzerland;Switzerland;Switzerland;CHE;756;203;0;1;0;0;0;0;0;757;0;0;0
Syrian Arab Republic;Syrian Arab Republic;Syrian Arab Republic;Syria     ;Syria;SYR;760;204;0;0;0;0;0;0;0;760;0;0;0
na;na;na;Syria;Syria;SYR;760;204;0;0;0;0;0;0;0;760;0;0;0
Tajikistan;Tajikistan;Tajikistan;Tajikistan;Tajikistan;TJK;762;205;0;0;0;0;0;0;0;762;0;0;0
United Republic of Tanzania;United Republic of Tanzania;United Republic of Tanzania;United Rep. of Tanzania    ;Tanzania;TZA;834;221;0;0;0;0;0;0;1;834;0;0;0
na;na;na;United Rep. of Tanzania;Tanzania;TZA;834;221;0;0;0;0;0;0;1;834;0;0;0
Thailand;Thailand;Thailand;Thailand;Thailand;THA;764;206;0;1;0;0;0;0;0;764;0;0;0
Timor-Leste;Timor-Leste;Timor-Leste;Timor-Leste;Timor-Leste;na;626;207;0;0;0;0;0;0;1;626;0;0;0
Togo;Togo;Togo;Togo;Togo;TGO;768;208;0;0;0;0;0;0;1;768;0;0;0
Tokelau;Tokelau;Tokelau;Tokelau;Tokelau;TKL;772;209;0;0;0;0;0;0;0;772;0;0;0
Tonga;Tonga;Tonga;Tonga;Tonga;TON;776;210;0;0;0;0;0;0;0;776;0;0;0
Trinidad and Tobago;Trinidad and Tobago;Trinidad and Tobago;Trinidad and Tobago;Trinidad & Tobago;TTO;780;211;0;0;0;0;0;0;0;780;0;0;0
Tunisia;Tunisia;Tunisia;Tunisia;Tunisia;TUN;788;212;0;0;0;0;0;0;0;788;0;0;0
Turkey;Turkey;Turkey;Turkey;Turkey;TUR;792;213;1;0;0;0;0;0;0;792;0;0;0
Turkmenistan;Turkmenistan;Turkmenistan;Turkmenistan;Turkmenistan;TKM;795;214;0;0;0;0;0;0;0;795;0;0;0
Turks and Caicos Islands;Turks and Caicos Islands;Turks and Caicos Islands;Turks and Caicos Islands;Turks & Caicos Islands;na;796;215;0;0;0;0;0;0;0;796;0;0;0
na;na;na;Turks and Caicos Isds;Turks & Caicos Islands;na;796;215;0;0;0;0;0;0;0;796;0;0;0
Tuvalu;Tuvalu;Tuvalu;Tuvalu;Tuvalu;TUV;798;216;0;0;0;0;0;0;1;798;0;0;0
Uganda;Uganda;Uganda;Uganda;Uganda;UGA;800;217;0;0;0;0;0;0;1;800;0;0;0
Ukraine;Ukraine;Ukraine;Ukraine;Ukraine;UKR;804;218;0;0;0;0;0;0;0;804;0;0;0
United Arab Emirates;United Arab Emirates;United Arab Emirates;United Arab Emirates;United Arab Emirates;ARE;784;219;0;1;0;0;0;0;0;784;0;0;0
United Kingdom of Great Britain and Northern Ireland;United Kingdom of Great Britain and Northern Ireland;United Kingdom of Great Britain and Northern Ireland;United Kingdom;United Kingdom;GBR;826;220;1;0;1;1;1;0;0;826;0;0;0
United States of America;United States of America;United States of America;USA;United States of America;USA;840;222;1;0;0;0;0;0;0;842;0;0;0
Uruguay;Uruguay;Uruguay;Uruguay;Uruguay;URY;858;224;0;0;0;0;0;0;0;858;0;1;0
United States Virgin Islands;United States Virgin Islands;United States Virgin Islands;United States Virgin Islands;US Virgin Islands;VIR;850;223;0;0;0;0;0;0;0;;0;0;0
Uzbekistan;Uzbekistan;Uzbekistan;Uzbekistan;Uzbekistan;UZB;860;225;0;0;0;0;0;0;0;860;0;0;0
Vanuatu;Vanuatu;Vanuatu;Vanuatu;Vanuatu;VUT;548;226;0;0;0;0;0;0;1;548;0;0;0
Holy See;Holy See;Holy See;Holy See;Vatican;na;336;90;0;0;0;0;0;0;0;;0;0;0
Venezuela;Venezuela;Venezuela;Venezuela;Venezuela;VEN;862;227;0;0;0;0;0;0;0;862;0;1;0
Viet Nam;Viet Nam;Viet Nam;Viet Nam;Vietnam;VNM;704;228;0;1;0;0;0;0;0;704;0;0;0
Wallis and Futuna Islands;Wallis and Futuna Islands;Wallis and Futuna Islands;Wallis and Futuna Islands;Wallis & Futuna Islands;na;876;229;0;0;0;0;0;0;0;;0;0;0
Western Sahara;Western Sahara;Western Sahara;Western Sahara;Western Sahara;na;732;230;0;0;0;0;0;0;0;732;0;0;0
Yemen;Yemen;Yemen;Yemen;Yemen;YEM;887;231;0;0;0;0;0;0;1;887;0;0;0
Zambia;Zambia;Zambia;Zambia;Zambia;ZMB;894;232;0;0;0;0;0;0;1;894;0;0;0
Zimbabwe;Zimbabwe;Zimbabwe;Zimbabwe;Zimbabwe;ZWE;716;233;0;0;0;0;0;0;0;716;0;0;0
European Union;European Union;European Union;European Union;;na;6666;;1;0;0;0;0;0;0;;0;0;0
